69枚,,,,名詞,普通名詞,副詞可能,*,*,*,,,69枚,,69枚,,和,*,*,*,*,OGI_QUANTITY
8巻,,,,名詞,普通名詞,副詞可能,*,*,*,,,8巻,,8巻,,和,*,*,*,*,OGI_QUANTITY
ニつ,,,,名詞,普通名詞,副詞可能,*,*,*,,,ニつ,,ニつ,,和,*,*,*,*,OGI_QUANTITY
ニ三人,,,,名詞,普通名詞,副詞可能,*,*,*,,,ニ三人,,ニ三人,,和,*,*,*,*,OGI_QUANTITY
ニ四十五石,,,,名詞,普通名詞,副詞可能,*,*,*,,,ニ四十五石,,ニ四十五石,,和,*,*,*,*,OGI_QUANTITY
ニ四間,,,,名詞,普通名詞,副詞可能,*,*,*,,,ニ四間,,ニ四間,,和,*,*,*,*,OGI_QUANTITY
ニ段,,,,名詞,普通名詞,副詞可能,*,*,*,,,ニ段,,ニ段,,和,*,*,*,*,OGI_QUANTITY
ニ百貫目,,,,名詞,普通名詞,副詞可能,*,*,*,,,ニ百貫目,,ニ百貫目,,和,*,*,*,*,OGI_QUANTITY
ニ石,,,,名詞,普通名詞,副詞可能,*,*,*,,,ニ石,,ニ石,,和,*,*,*,*,OGI_QUANTITY
ニ組,,,,名詞,普通名詞,副詞可能,*,*,*,,,ニ組,,ニ組,,和,*,*,*,*,OGI_QUANTITY
一,,,,名詞,普通名詞,副詞可能,*,*,*,,,一,,一,,和,*,*,*,*,OGI_QUANTITY
一ヶ所,,,,名詞,普通名詞,副詞可能,*,*,*,,,一ヶ所,,一ヶ所,,和,*,*,*,*,OGI_QUANTITY
一両,,,,名詞,普通名詞,副詞可能,*,*,*,,,一両,,一両,,和,*,*,*,*,OGI_QUANTITY
一二三番,,,,名詞,普通名詞,副詞可能,*,*,*,,,一二三番,,一二三番,,和,*,*,*,*,OGI_QUANTITY
一人,,,,名詞,普通名詞,副詞可能,*,*,*,,,一人,,一人,,和,*,*,*,*,OGI_QUANTITY
一件,,,,名詞,普通名詞,副詞可能,*,*,*,,,一件,,一件,,和,*,*,*,*,OGI_QUANTITY
一俵,,,,名詞,普通名詞,副詞可能,*,*,*,,,一俵,,一俵,,和,*,*,*,*,OGI_QUANTITY
一具,,,,名詞,普通名詞,副詞可能,*,*,*,,,一具,,一具,,和,*,*,*,*,OGI_QUANTITY
一同,,,,名詞,普通名詞,副詞可能,*,*,*,,,一同,,一同,,和,*,*,*,*,OGI_QUANTITY
一周,,,,名詞,普通名詞,副詞可能,*,*,*,,,一周,,一周,,和,*,*,*,*,OGI_QUANTITY
一周忌,,,,名詞,普通名詞,副詞可能,*,*,*,,,一周忌,,一周忌,,和,*,*,*,*,OGI_QUANTITY
一回,,,,名詞,普通名詞,副詞可能,*,*,*,,,一回,,一回,,和,*,*,*,*,OGI_QUANTITY
一回忌,,,,名詞,普通名詞,副詞可能,*,*,*,,,一回忌,,一回忌,,和,*,*,*,*,OGI_QUANTITY
一孤,,,,名詞,普通名詞,副詞可能,*,*,*,,,一孤,,一孤,,和,*,*,*,*,OGI_QUANTITY
一宿,,,,名詞,普通名詞,副詞可能,*,*,*,,,一宿,,一宿,,和,*,*,*,*,OGI_QUANTITY
一山,,,,名詞,普通名詞,副詞可能,*,*,*,,,一山,,一山,,和,*,*,*,*,OGI_QUANTITY
一張,,,,名詞,普通名詞,副詞可能,*,*,*,,,一張,,一張,,和,*,*,*,*,OGI_QUANTITY
一所,,,,名詞,普通名詞,副詞可能,*,*,*,,,一所,,一所,,和,*,*,*,*,OGI_QUANTITY
一手,,,,名詞,普通名詞,副詞可能,*,*,*,,,一手,,一手,,和,*,*,*,*,OGI_QUANTITY
一折,,,,名詞,普通名詞,副詞可能,*,*,*,,,一折,,一折,,和,*,*,*,*,OGI_QUANTITY
一日,,,,名詞,普通名詞,副詞可能,*,*,*,,,一日,,一日,,和,*,*,*,*,OGI_QUANTITY
一条,,,,名詞,普通名詞,副詞可能,*,*,*,,,一条,,一条,,和,*,*,*,*,OGI_QUANTITY
一枚,,,,名詞,普通名詞,副詞可能,*,*,*,,,一枚,,一枚,,和,*,*,*,*,OGI_QUANTITY
一枚宛,,,,名詞,普通名詞,副詞可能,*,*,*,,,一枚宛,,一枚宛,,和,*,*,*,*,OGI_QUANTITY
一段,,,,名詞,普通名詞,副詞可能,*,*,*,,,一段,,一段,,和,*,*,*,*,OGI_QUANTITY
一町弐反,,,,名詞,普通名詞,副詞可能,*,*,*,,,一町弐反,,一町弐反,,和,*,*,*,*,OGI_QUANTITY
一疋,,,,名詞,普通名詞,副詞可能,*,*,*,,,一疋,,一疋,,和,*,*,*,*,OGI_QUANTITY
一百年,,,,名詞,普通名詞,副詞可能,*,*,*,,,一百年,,一百年,,和,*,*,*,*,OGI_QUANTITY
一石,,,,名詞,普通名詞,副詞可能,*,*,*,,,一石,,一石,,和,*,*,*,*,OGI_QUANTITY
一石五斗,,,,名詞,普通名詞,副詞可能,*,*,*,,,一石五斗,,一石五斗,,和,*,*,*,*,OGI_QUANTITY
一種,,,,名詞,普通名詞,副詞可能,*,*,*,,,一種,,一種,,和,*,*,*,*,OGI_QUANTITY
一篇,,,,名詞,普通名詞,副詞可能,*,*,*,,,一篇,,一篇,,和,*,*,*,*,OGI_QUANTITY
一組,,,,名詞,普通名詞,副詞可能,*,*,*,,,一組,,一組,,和,*,*,*,*,OGI_QUANTITY
一腰,,,,名詞,普通名詞,副詞可能,*,*,*,,,一腰,,一腰,,和,*,*,*,*,OGI_QUANTITY
一艘,,,,名詞,普通名詞,副詞可能,*,*,*,,,一艘,,一艘,,和,*,*,*,*,OGI_QUANTITY
一貫,,,,名詞,普通名詞,副詞可能,*,*,*,,,一貫,,一貫,,和,*,*,*,*,OGI_QUANTITY
一貫文,,,,名詞,普通名詞,副詞可能,*,*,*,,,一貫文,,一貫文,,和,*,*,*,*,OGI_QUANTITY
一貫目,,,,名詞,普通名詞,副詞可能,*,*,*,,,一貫目,,一貫目,,和,*,*,*,*,OGI_QUANTITY
一通,,,,名詞,普通名詞,副詞可能,*,*,*,,,一通,,一通,,和,*,*,*,*,OGI_QUANTITY
一連,,,,名詞,普通名詞,副詞可能,*,*,*,,,一連,,一連,,和,*,*,*,*,OGI_QUANTITY
一里,,,,名詞,普通名詞,副詞可能,*,*,*,,,一里,,一里,,和,*,*,*,*,OGI_QUANTITY
一駄,,,,名詞,普通名詞,副詞可能,*,*,*,,,一駄,,一駄,,和,*,*,*,*,OGI_QUANTITY
丁,,,,名詞,普通名詞,副詞可能,*,*,*,,,丁,,丁,,和,*,*,*,*,OGI_QUANTITY
七,,,,名詞,普通名詞,副詞可能,*,*,*,,,七,,七,,和,*,*,*,*,OGI_QUANTITY
七ヶ所,,,,名詞,普通名詞,副詞可能,*,*,*,,,七ヶ所,,七ヶ所,,和,*,*,*,*,OGI_QUANTITY
七人,,,,名詞,普通名詞,副詞可能,*,*,*,,,七人,,七人,,和,*,*,*,*,OGI_QUANTITY
七八十,,,,名詞,普通名詞,副詞可能,*,*,*,,,七八十,,七八十,,和,*,*,*,*,OGI_QUANTITY
七分,,,,名詞,普通名詞,副詞可能,*,*,*,,,七分,,七分,,和,*,*,*,*,OGI_QUANTITY
七匁,,,,名詞,普通名詞,副詞可能,*,*,*,,,七匁,,七匁,,和,*,*,*,*,OGI_QUANTITY
七十,,,,名詞,普通名詞,副詞可能,*,*,*,,,七十,,七十,,和,*,*,*,*,OGI_QUANTITY
七十五石,,,,名詞,普通名詞,副詞可能,*,*,*,,,七十五石,,七十五石,,和,*,*,*,*,OGI_QUANTITY
七十四文,,,,名詞,普通名詞,副詞可能,*,*,*,,,七十四文,,七十四文,,和,*,*,*,*,OGI_QUANTITY
七十文,,,,名詞,普通名詞,副詞可能,*,*,*,,,七十文,,七十文,,和,*,*,*,*,OGI_QUANTITY
七千,,,,名詞,普通名詞,副詞可能,*,*,*,,,七千,,七千,,和,*,*,*,*,OGI_QUANTITY
七千百五十本,,,,名詞,普通名詞,副詞可能,*,*,*,,,七千百五十本,,七千百五十本,,和,*,*,*,*,OGI_QUANTITY
七合,,,,名詞,普通名詞,副詞可能,*,*,*,,,七合,,七合,,和,*,*,*,*,OGI_QUANTITY
七回,,,,名詞,普通名詞,副詞可能,*,*,*,,,七回,,七回,,和,*,*,*,*,OGI_QUANTITY
七回忌,,,,名詞,普通名詞,副詞可能,*,*,*,,,七回忌,,七回忌,,和,*,*,*,*,OGI_QUANTITY
七才,,,,名詞,普通名詞,副詞可能,*,*,*,,,七才,,七才,,和,*,*,*,*,OGI_QUANTITY
七拾歳,,,,名詞,普通名詞,副詞可能,*,*,*,,,七拾歳,,七拾歳,,和,*,*,*,*,OGI_QUANTITY
七斗,,,,名詞,普通名詞,副詞可能,*,*,*,,,七斗,,七斗,,和,*,*,*,*,OGI_QUANTITY
七日,,,,名詞,普通名詞,副詞可能,*,*,*,,,七日,,七日,,和,*,*,*,*,OGI_QUANTITY
七時,,,,名詞,普通名詞,副詞可能,*,*,*,,,七時,,七時,,和,*,*,*,*,OGI_QUANTITY
七段,,,,名詞,普通名詞,副詞可能,*,*,*,,,七段,,七段,,和,*,*,*,*,OGI_QUANTITY
七番,,,,名詞,普通名詞,副詞可能,*,*,*,,,七番,,七番,,和,*,*,*,*,OGI_QUANTITY
七百文,,,,名詞,普通名詞,副詞可能,*,*,*,,,七百文,,七百文,,和,*,*,*,*,OGI_QUANTITY
七石,,,,名詞,普通名詞,副詞可能,*,*,*,,,七石,,七石,,和,*,*,*,*,OGI_QUANTITY
七組,,,,名詞,普通名詞,副詞可能,*,*,*,,,七組,,七組,,和,*,*,*,*,OGI_QUANTITY
七部,,,,名詞,普通名詞,副詞可能,*,*,*,,,七部,,七部,,和,*,*,*,*,OGI_QUANTITY
万疋,,,,名詞,普通名詞,副詞可能,*,*,*,,,万疋,,万疋,,和,*,*,*,*,OGI_QUANTITY
万部,,,,名詞,普通名詞,副詞可能,*,*,*,,,万部,,万部,,和,*,*,*,*,OGI_QUANTITY
三,,,,名詞,普通名詞,副詞可能,*,*,*,,,三,,三,,和,*,*,*,*,OGI_QUANTITY
三ヶ年,,,,名詞,普通名詞,副詞可能,*,*,*,,,三ヶ年,,三ヶ年,,和,*,*,*,*,OGI_QUANTITY
三ヶ所,,,,名詞,普通名詞,副詞可能,*,*,*,,,三ヶ所,,三ヶ所,,和,*,*,*,*,OGI_QUANTITY
三両,,,,名詞,普通名詞,副詞可能,*,*,*,,,三両,,三両,,和,*,*,*,*,OGI_QUANTITY
三人,,,,名詞,普通名詞,副詞可能,*,*,*,,,三人,,三人,,和,*,*,*,*,OGI_QUANTITY
三兵,,,,名詞,普通名詞,副詞可能,*,*,*,,,三兵,,三兵,,和,*,*,*,*,OGI_QUANTITY
三冊,,,,名詞,普通名詞,副詞可能,*,*,*,,,三冊,,三冊,,和,*,*,*,*,OGI_QUANTITY
三十,,,,名詞,普通名詞,副詞可能,*,*,*,,,三十,,三十,,和,*,*,*,*,OGI_QUANTITY
三十七石,,,,名詞,普通名詞,副詞可能,*,*,*,,,三十七石,,三十七石,,和,*,*,*,*,OGI_QUANTITY
三十三回,,,,名詞,普通名詞,副詞可能,*,*,*,,,三十三回,,三十三回,,和,*,*,*,*,OGI_QUANTITY
三十両,,,,名詞,普通名詞,副詞可能,*,*,*,,,三十両,,三十両,,和,*,*,*,*,OGI_QUANTITY
三十五石,,,,名詞,普通名詞,副詞可能,*,*,*,,,三十五石,,三十五石,,和,*,*,*,*,OGI_QUANTITY
三十人,,,,名詞,普通名詞,副詞可能,*,*,*,,,三十人,,三十人,,和,*,*,*,*,OGI_QUANTITY
三十八石,,,,名詞,普通名詞,副詞可能,*,*,*,,,三十八石,,三十八石,,和,*,*,*,*,OGI_QUANTITY
三十八間,,,,名詞,普通名詞,副詞可能,*,*,*,,,三十八間,,三十八間,,和,*,*,*,*,OGI_QUANTITY
三十匁,,,,名詞,普通名詞,副詞可能,*,*,*,,,三十匁,,三十匁,,和,*,*,*,*,OGI_QUANTITY
三十日,,,,名詞,普通名詞,副詞可能,*,*,*,,,三十日,,三十日,,和,*,*,*,*,OGI_QUANTITY
三十枚,,,,名詞,普通名詞,副詞可能,*,*,*,,,三十枚,,三十枚,,和,*,*,*,*,OGI_QUANTITY
三十疋,,,,名詞,普通名詞,副詞可能,*,*,*,,,三十疋,,三十疋,,和,*,*,*,*,OGI_QUANTITY
三十石,,,,名詞,普通名詞,副詞可能,*,*,*,,,三十石,,三十石,,和,*,*,*,*,OGI_QUANTITY
三升,,,,名詞,普通名詞,副詞可能,*,*,*,,,三升,,三升,,和,*,*,*,*,OGI_QUANTITY
三升四合,,,,名詞,普通名詞,副詞可能,*,*,*,,,三升四合,,三升四合,,和,*,*,*,*,OGI_QUANTITY
三回,,,,名詞,普通名詞,副詞可能,*,*,*,,,三回,,三回,,和,*,*,*,*,OGI_QUANTITY
三回忌,,,,名詞,普通名詞,副詞可能,*,*,*,,,三回忌,,三回忌,,和,*,*,*,*,OGI_QUANTITY
三巻,,,,名詞,普通名詞,副詞可能,*,*,*,,,三巻,,三巻,,和,*,*,*,*,OGI_QUANTITY
三年,,,,名詞,普通名詞,副詞可能,*,*,*,,,三年,,三年,,和,*,*,*,*,OGI_QUANTITY
三度,,,,名詞,普通名詞,副詞可能,*,*,*,,,三度,,三度,,和,*,*,*,*,OGI_QUANTITY
三度宛,,,,名詞,普通名詞,副詞可能,*,*,*,,,三度宛,,三度宛,,和,*,*,*,*,OGI_QUANTITY
三所,,,,名詞,普通名詞,副詞可能,*,*,*,,,三所,,三所,,和,*,*,*,*,OGI_QUANTITY
三手,,,,名詞,普通名詞,副詞可能,*,*,*,,,三手,,三手,,和,*,*,*,*,OGI_QUANTITY
三拾三人,,,,名詞,普通名詞,副詞可能,*,*,*,,,三拾三人,,三拾三人,,和,*,*,*,*,OGI_QUANTITY
三拾三回忌,,,,名詞,普通名詞,副詞可能,*,*,*,,,三拾三回忌,,三拾三回忌,,和,*,*,*,*,OGI_QUANTITY
三拾貫,,,,名詞,普通名詞,副詞可能,*,*,*,,,三拾貫,,三拾貫,,和,*,*,*,*,OGI_QUANTITY
三拾貫目,,,,名詞,普通名詞,副詞可能,*,*,*,,,三拾貫目,,三拾貫目,,和,*,*,*,*,OGI_QUANTITY
三斗,,,,名詞,普通名詞,副詞可能,*,*,*,,,三斗,,三斗,,和,*,*,*,*,OGI_QUANTITY
三日,,,,名詞,普通名詞,副詞可能,*,*,*,,,三日,,三日,,和,*,*,*,*,OGI_QUANTITY
三本,,,,名詞,普通名詞,副詞可能,*,*,*,,,三本,,三本,,和,*,*,*,*,OGI_QUANTITY
三杓,,,,名詞,普通名詞,副詞可能,*,*,*,,,三杓,,三杓,,和,*,*,*,*,OGI_QUANTITY
三枚,,,,名詞,普通名詞,副詞可能,*,*,*,,,三枚,,三枚,,和,*,*,*,*,OGI_QUANTITY
三町,,,,名詞,普通名詞,副詞可能,*,*,*,,,三町,,三町,,和,*,*,*,*,OGI_QUANTITY
三畝,,,,名詞,普通名詞,副詞可能,*,*,*,,,三畝,,三畝,,和,*,*,*,*,OGI_QUANTITY
三番,,,,名詞,普通名詞,副詞可能,*,*,*,,,三番,,三番,,和,*,*,*,*,OGI_QUANTITY
三百,,,,名詞,普通名詞,副詞可能,*,*,*,,,三百,,三百,,和,*,*,*,*,OGI_QUANTITY
三百七拾匁,,,,名詞,普通名詞,副詞可能,*,*,*,,,三百七拾匁,,三百七拾匁,,和,*,*,*,*,OGI_QUANTITY
三百両,,,,名詞,普通名詞,副詞可能,*,*,*,,,三百両,,三百両,,和,*,*,*,*,OGI_QUANTITY
三百人,,,,名詞,普通名詞,副詞可能,*,*,*,,,三百人,,三百人,,和,*,*,*,*,OGI_QUANTITY
三百匁,,,,名詞,普通名詞,副詞可能,*,*,*,,,三百匁,,三百匁,,和,*,*,*,*,OGI_QUANTITY
三百文,,,,名詞,普通名詞,副詞可能,*,*,*,,,三百文,,三百文,,和,*,*,*,*,OGI_QUANTITY
三百疋,,,,名詞,普通名詞,副詞可能,*,*,*,,,三百疋,,三百疋,,和,*,*,*,*,OGI_QUANTITY
三百貫目,,,,名詞,普通名詞,副詞可能,*,*,*,,,三百貫目,,三百貫目,,和,*,*,*,*,OGI_QUANTITY
三石,,,,名詞,普通名詞,副詞可能,*,*,*,,,三石,,三石,,和,*,*,*,*,OGI_QUANTITY
三種,,,,名詞,普通名詞,副詞可能,*,*,*,,,三種,,三種,,和,*,*,*,*,OGI_QUANTITY
三羽織,,,,名詞,普通名詞,副詞可能,*,*,*,,,三羽織,,三羽織,,和,*,*,*,*,OGI_QUANTITY
三艘,,,,名詞,普通名詞,副詞可能,*,*,*,,,三艘,,三艘,,和,*,*,*,*,OGI_QUANTITY
三荷,,,,名詞,普通名詞,副詞可能,*,*,*,,,三荷,,三荷,,和,*,*,*,*,OGI_QUANTITY
三貫,,,,名詞,普通名詞,副詞可能,*,*,*,,,三貫,,三貫,,和,*,*,*,*,OGI_QUANTITY
三貫目,,,,名詞,普通名詞,副詞可能,*,*,*,,,三貫目,,三貫目,,和,*,*,*,*,OGI_QUANTITY
三通,,,,名詞,普通名詞,副詞可能,*,*,*,,,三通,,三通,,和,*,*,*,*,OGI_QUANTITY
三連,,,,名詞,普通名詞,副詞可能,*,*,*,,,三連,,三連,,和,*,*,*,*,OGI_QUANTITY
三郡,,,,名詞,普通名詞,副詞可能,*,*,*,,,三郡,,三郡,,和,*,*,*,*,OGI_QUANTITY
三間,,,,名詞,普通名詞,副詞可能,*,*,*,,,三間,,三間,,和,*,*,*,*,OGI_QUANTITY
三階,,,,名詞,普通名詞,副詞可能,*,*,*,,,三階,,三階,,和,*,*,*,*,OGI_QUANTITY
三駄,,,,名詞,普通名詞,副詞可能,*,*,*,,,三駄,,三駄,,和,*,*,*,*,OGI_QUANTITY
両,,,,名詞,普通名詞,副詞可能,*,*,*,,,両,,両,,和,*,*,*,*,OGI_QUANTITY
両人,,,,名詞,普通名詞,副詞可能,*,*,*,,,両人,,両人,,和,*,*,*,*,OGI_QUANTITY
両便,,,,名詞,普通名詞,副詞可能,*,*,*,,,両便,,両便,,和,*,*,*,*,OGI_QUANTITY
両度,,,,名詞,普通名詞,副詞可能,*,*,*,,,両度,,両度,,和,*,*,*,*,OGI_QUANTITY
両御寺,,,,名詞,普通名詞,副詞可能,*,*,*,,,両御寺,,両御寺,,和,*,*,*,*,OGI_QUANTITY
両社,,,,名詞,普通名詞,副詞可能,*,*,*,,,両社,,両社,,和,*,*,*,*,OGI_QUANTITY
九,,,,名詞,普通名詞,副詞可能,*,*,*,,,九,,九,,和,*,*,*,*,OGI_QUANTITY
九一三十五石,,,,名詞,普通名詞,副詞可能,*,*,*,,,九一三十五石,,九一三十五石,,和,*,*,*,*,OGI_QUANTITY
九人,,,,名詞,普通名詞,副詞可能,*,*,*,,,九人,,九人,,和,*,*,*,*,OGI_QUANTITY
九十,,,,名詞,普通名詞,副詞可能,*,*,*,,,九十,,九十,,和,*,*,*,*,OGI_QUANTITY
九十九石,,,,名詞,普通名詞,副詞可能,*,*,*,,,九十九石,,九十九石,,和,*,*,*,*,OGI_QUANTITY
九十六石五斗四升,,,,名詞,普通名詞,副詞可能,*,*,*,,,九十六石五斗四升,,九十六石五斗四升,,和,*,*,*,*,OGI_QUANTITY
九斗,,,,名詞,普通名詞,副詞可能,*,*,*,,,九斗,,九斗,,和,*,*,*,*,OGI_QUANTITY
九時,,,,名詞,普通名詞,副詞可能,*,*,*,,,九時,,九時,,和,*,*,*,*,OGI_QUANTITY
九番,,,,名詞,普通名詞,副詞可能,*,*,*,,,九番,,九番,,和,*,*,*,*,OGI_QUANTITY
九石,,,,名詞,普通名詞,副詞可能,*,*,*,,,九石,,九石,,和,*,*,*,*,OGI_QUANTITY
二,,,,名詞,普通名詞,副詞可能,*,*,*,,,二,,二,,和,*,*,*,*,OGI_QUANTITY
二つ,,,,名詞,普通名詞,副詞可能,*,*,*,,,二つ,,二つ,,和,*,*,*,*,OGI_QUANTITY
二ツ,,,,名詞,普通名詞,副詞可能,*,*,*,,,二ツ,,二ツ,,和,*,*,*,*,OGI_QUANTITY
二両,,,,名詞,普通名詞,副詞可能,*,*,*,,,二両,,二両,,和,*,*,*,*,OGI_QUANTITY
二人,,,,名詞,普通名詞,副詞可能,*,*,*,,,二人,,二人,,和,*,*,*,*,OGI_QUANTITY
二十,,,,名詞,普通名詞,副詞可能,*,*,*,,,二十,,二十,,和,*,*,*,*,OGI_QUANTITY
二十五回忌,,,,名詞,普通名詞,副詞可能,*,*,*,,,二十五回忌,,二十五回忌,,和,*,*,*,*,OGI_QUANTITY
二十五年回,,,,名詞,普通名詞,副詞可能,*,*,*,,,二十五年回,,二十五年回,,和,*,*,*,*,OGI_QUANTITY
二十五石,,,,名詞,普通名詞,副詞可能,*,*,*,,,二十五石,,二十五石,,和,*,*,*,*,OGI_QUANTITY
二十人,,,,名詞,普通名詞,副詞可能,*,*,*,,,二十人,,二十人,,和,*,*,*,*,OGI_QUANTITY
二十匁,,,,名詞,普通名詞,副詞可能,*,*,*,,,二十匁,,二十匁,,和,*,*,*,*,OGI_QUANTITY
二十枚,,,,名詞,普通名詞,副詞可能,*,*,*,,,二十枚,,二十枚,,和,*,*,*,*,OGI_QUANTITY
二十石,,,,名詞,普通名詞,副詞可能,*,*,*,,,二十石,,二十石,,和,*,*,*,*,OGI_QUANTITY
二千,,,,名詞,普通名詞,副詞可能,*,*,*,,,二千,,二千,,和,*,*,*,*,OGI_QUANTITY
二千両,,,,名詞,普通名詞,副詞可能,*,*,*,,,二千両,,二千両,,和,*,*,*,*,OGI_QUANTITY
二夜三日,,,,名詞,普通名詞,副詞可能,*,*,*,,,二夜三日,,二夜三日,,和,*,*,*,*,OGI_QUANTITY
二巻,,,,名詞,普通名詞,副詞可能,*,*,*,,,二巻,,二巻,,和,*,*,*,*,OGI_QUANTITY
二拾一人,,,,名詞,普通名詞,副詞可能,*,*,*,,,二拾一人,,二拾一人,,和,*,*,*,*,OGI_QUANTITY
二挺,,,,名詞,普通名詞,副詞可能,*,*,*,,,二挺,,二挺,,和,*,*,*,*,OGI_QUANTITY
二方,,,,名詞,普通名詞,副詞可能,*,*,*,,,二方,,二方,,和,*,*,*,*,OGI_QUANTITY
二日,,,,名詞,普通名詞,副詞可能,*,*,*,,,二日,,二日,,和,*,*,*,*,OGI_QUANTITY
二月,,,,名詞,普通名詞,副詞可能,*,*,*,,,二月,,二月,,和,*,*,*,*,OGI_QUANTITY
二本,,,,名詞,普通名詞,副詞可能,*,*,*,,,二本,,二本,,和,*,*,*,*,OGI_QUANTITY
二枚,,,,名詞,普通名詞,副詞可能,*,*,*,,,二枚,,二枚,,和,*,*,*,*,OGI_QUANTITY
二枚宛,,,,名詞,普通名詞,副詞可能,*,*,*,,,二枚宛,,二枚宛,,和,*,*,*,*,OGI_QUANTITY
二疋,,,,名詞,普通名詞,副詞可能,*,*,*,,,二疋,,二疋,,和,*,*,*,*,OGI_QUANTITY
二百,,,,名詞,普通名詞,副詞可能,*,*,*,,,二百,,二百,,和,*,*,*,*,OGI_QUANTITY
二百五十日,,,,名詞,普通名詞,副詞可能,*,*,*,,,二百五十日,,二百五十日,,和,*,*,*,*,OGI_QUANTITY
二百人,,,,名詞,普通名詞,副詞可能,*,*,*,,,二百人,,二百人,,和,*,*,*,*,OGI_QUANTITY
二百疋,,,,名詞,普通名詞,副詞可能,*,*,*,,,二百疋,,二百疋,,和,*,*,*,*,OGI_QUANTITY
二石,,,,名詞,普通名詞,副詞可能,*,*,*,,,二石,,二石,,和,*,*,*,*,OGI_QUANTITY
二石宛,,,,名詞,普通名詞,副詞可能,*,*,*,,,二石宛,,二石宛,,和,*,*,*,*,OGI_QUANTITY
二種,,,,名詞,普通名詞,副詞可能,*,*,*,,,二種,,二種,,和,*,*,*,*,OGI_QUANTITY
二筋,,,,名詞,普通名詞,副詞可能,*,*,*,,,二筋,,二筋,,和,*,*,*,*,OGI_QUANTITY
二羽,,,,名詞,普通名詞,副詞可能,*,*,*,,,二羽,,二羽,,和,*,*,*,*,OGI_QUANTITY
二艘,,,,名詞,普通名詞,副詞可能,*,*,*,,,二艘,,二艘,,和,*,*,*,*,OGI_QUANTITY
二連,,,,名詞,普通名詞,副詞可能,*,*,*,,,二連,,二連,,和,*,*,*,*,OGI_QUANTITY
二階,,,,名詞,普通名詞,副詞可能,*,*,*,,,二階,,二階,,和,*,*,*,*,OGI_QUANTITY
二頭,,,,名詞,普通名詞,副詞可能,*,*,*,,,二頭,,二頭,,和,*,*,*,*,OGI_QUANTITY
二駄,,,,名詞,普通名詞,副詞可能,*,*,*,,,二駄,,二駄,,和,*,*,*,*,OGI_QUANTITY
五,,,,名詞,普通名詞,副詞可能,*,*,*,,,五,,五,,和,*,*,*,*,OGI_QUANTITY
五々,,,,名詞,普通名詞,副詞可能,*,*,*,,,五々,,五々,,和,*,*,*,*,OGI_QUANTITY
五ツ,,,,名詞,普通名詞,副詞可能,*,*,*,,,五ツ,,五ツ,,和,*,*,*,*,OGI_QUANTITY
五ヶ所,,,,名詞,普通名詞,副詞可能,*,*,*,,,五ヶ所,,五ヶ所,,和,*,*,*,*,OGI_QUANTITY
五丁,,,,名詞,普通名詞,副詞可能,*,*,*,,,五丁,,五丁,,和,*,*,*,*,OGI_QUANTITY
五両,,,,名詞,普通名詞,副詞可能,*,*,*,,,五両,,五両,,和,*,*,*,*,OGI_QUANTITY
五人,,,,名詞,普通名詞,副詞可能,*,*,*,,,五人,,五人,,和,*,*,*,*,OGI_QUANTITY
五人宛,,,,名詞,普通名詞,副詞可能,*,*,*,,,五人宛,,五人宛,,和,*,*,*,*,OGI_QUANTITY
五人扶持,,,,名詞,普通名詞,副詞可能,*,*,*,,,五人扶持,,五人扶持,,和,*,*,*,*,OGI_QUANTITY
五俵,,,,名詞,普通名詞,副詞可能,*,*,*,,,五俵,,五俵,,和,*,*,*,*,OGI_QUANTITY
五六,,,,名詞,普通名詞,副詞可能,*,*,*,,,五六,,五六,,和,*,*,*,*,OGI_QUANTITY
五匁,,,,名詞,普通名詞,副詞可能,*,*,*,,,五匁,,五匁,,和,*,*,*,*,OGI_QUANTITY
五十,,,,名詞,普通名詞,副詞可能,*,*,*,,,五十,,五十,,和,*,*,*,*,OGI_QUANTITY
五十一石,,,,名詞,普通名詞,副詞可能,*,*,*,,,五十一石,,五十一石,,和,*,*,*,*,OGI_QUANTITY
五十人,,,,名詞,普通名詞,副詞可能,*,*,*,,,五十人,,五十人,,和,*,*,*,*,OGI_QUANTITY
五十匁,,,,名詞,普通名詞,副詞可能,*,*,*,,,五十匁,,五十匁,,和,*,*,*,*,OGI_QUANTITY
五十四文,,,,名詞,普通名詞,副詞可能,*,*,*,,,五十四文,,五十四文,,和,*,*,*,*,OGI_QUANTITY
五十回,,,,名詞,普通名詞,副詞可能,*,*,*,,,五十回,,五十回,,和,*,*,*,*,OGI_QUANTITY
五十回忌,,,,名詞,普通名詞,副詞可能,*,*,*,,,五十回忌,,五十回忌,,和,*,*,*,*,OGI_QUANTITY
五十年,,,,名詞,普通名詞,副詞可能,*,*,*,,,五十年,,五十年,,和,*,*,*,*,OGI_QUANTITY
五十日,,,,名詞,普通名詞,副詞可能,*,*,*,,,五十日,,五十日,,和,*,*,*,*,OGI_QUANTITY
五十本,,,,名詞,普通名詞,副詞可能,*,*,*,,,五十本,,五十本,,和,*,*,*,*,OGI_QUANTITY
五十枚,,,,名詞,普通名詞,副詞可能,*,*,*,,,五十枚,,五十枚,,和,*,*,*,*,OGI_QUANTITY
五十石,,,,名詞,普通名詞,副詞可能,*,*,*,,,五十石,,五十石,,和,*,*,*,*,OGI_QUANTITY
五千人,,,,名詞,普通名詞,副詞可能,*,*,*,,,五千人,,五千人,,和,*,*,*,*,OGI_QUANTITY
五千疋,,,,名詞,普通名詞,副詞可能,*,*,*,,,五千疋,,五千疋,,和,*,*,*,*,OGI_QUANTITY
五升,,,,名詞,普通名詞,副詞可能,*,*,*,,,五升,,五升,,和,*,*,*,*,OGI_QUANTITY
五合,,,,名詞,普通名詞,副詞可能,*,*,*,,,五合,,五合,,和,*,*,*,*,OGI_QUANTITY
五巻,,,,名詞,普通名詞,副詞可能,*,*,*,,,五巻,,五巻,,和,*,*,*,*,OGI_QUANTITY
五年,,,,名詞,普通名詞,副詞可能,*,*,*,,,五年,,五年,,和,*,*,*,*,OGI_QUANTITY
五年回,,,,名詞,普通名詞,副詞可能,*,*,*,,,五年回,,五年回,,和,*,*,*,*,OGI_QUANTITY
五斗,,,,名詞,普通名詞,副詞可能,*,*,*,,,五斗,,五斗,,和,*,*,*,*,OGI_QUANTITY
五日,,,,名詞,普通名詞,副詞可能,*,*,*,,,五日,,五日,,和,*,*,*,*,OGI_QUANTITY
五時,,,,名詞,普通名詞,副詞可能,*,*,*,,,五時,,五時,,和,*,*,*,*,OGI_QUANTITY
五月中,,,,名詞,普通名詞,副詞可能,*,*,*,,,五月中,,五月中,,和,*,*,*,*,OGI_QUANTITY
五本,,,,名詞,普通名詞,副詞可能,*,*,*,,,五本,,五本,,和,*,*,*,*,OGI_QUANTITY
五枚,,,,名詞,普通名詞,副詞可能,*,*,*,,,五枚,,五枚,,和,*,*,*,*,OGI_QUANTITY
五次,,,,名詞,普通名詞,副詞可能,*,*,*,,,五次,,五次,,和,*,*,*,*,OGI_QUANTITY
五畝,,,,名詞,普通名詞,副詞可能,*,*,*,,,五畝,,五畝,,和,*,*,*,*,OGI_QUANTITY
五疋,,,,名詞,普通名詞,副詞可能,*,*,*,,,五疋,,五疋,,和,*,*,*,*,OGI_QUANTITY
五百,,,,名詞,普通名詞,副詞可能,*,*,*,,,五百,,五百,,和,*,*,*,*,OGI_QUANTITY
五百年忌,,,,名詞,普通名詞,副詞可能,*,*,*,,,五百年忌,,五百年忌,,和,*,*,*,*,OGI_QUANTITY
五百文,,,,名詞,普通名詞,副詞可能,*,*,*,,,五百文,,五百文,,和,*,*,*,*,OGI_QUANTITY
五百疋,,,,名詞,普通名詞,副詞可能,*,*,*,,,五百疋,,五百疋,,和,*,*,*,*,OGI_QUANTITY
五百目,,,,名詞,普通名詞,副詞可能,*,*,*,,,五百目,,五百目,,和,*,*,*,*,OGI_QUANTITY
五石,,,,名詞,普通名詞,副詞可能,*,*,*,,,五石,,五石,,和,*,*,*,*,OGI_QUANTITY
五部,,,,名詞,普通名詞,副詞可能,*,*,*,,,五部,,五部,,和,*,*,*,*,OGI_QUANTITY
五頭,,,,名詞,普通名詞,副詞可能,*,*,*,,,五頭,,五頭,,和,*,*,*,*,OGI_QUANTITY
五駄,,,,名詞,普通名詞,副詞可能,*,*,*,,,五駄,,五駄,,和,*,*,*,*,OGI_QUANTITY
人数,,,,名詞,普通名詞,副詞可能,*,*,*,,,人数,,人数,,和,*,*,*,*,OGI_QUANTITY
仁石,,,,名詞,普通名詞,副詞可能,*,*,*,,,仁石,,仁石,,和,*,*,*,*,OGI_QUANTITY
八,,,,名詞,普通名詞,副詞可能,*,*,*,,,八,,八,,和,*,*,*,*,OGI_QUANTITY
八人,,,,名詞,普通名詞,副詞可能,*,*,*,,,八人,,八人,,和,*,*,*,*,OGI_QUANTITY
八十,,,,名詞,普通名詞,副詞可能,*,*,*,,,八十,,八十,,和,*,*,*,*,OGI_QUANTITY
八十匁,,,,名詞,普通名詞,副詞可能,*,*,*,,,八十匁,,八十匁,,和,*,*,*,*,OGI_QUANTITY
八十石,,,,名詞,普通名詞,副詞可能,*,*,*,,,八十石,,八十石,,和,*,*,*,*,OGI_QUANTITY
八升,,,,名詞,普通名詞,副詞可能,*,*,*,,,八升,,八升,,和,*,*,*,*,OGI_QUANTITY
八拾挺,,,,名詞,普通名詞,副詞可能,*,*,*,,,八拾挺,,八拾挺,,和,*,*,*,*,OGI_QUANTITY
八斗,,,,名詞,普通名詞,副詞可能,*,*,*,,,八斗,,八斗,,和,*,*,*,*,OGI_QUANTITY
八時,,,,名詞,普通名詞,副詞可能,*,*,*,,,八時,,八時,,和,*,*,*,*,OGI_QUANTITY
八月,,,,名詞,普通名詞,副詞可能,*,*,*,,,八月,,八月,,和,*,*,*,*,OGI_QUANTITY
八段,,,,名詞,普通名詞,副詞可能,*,*,*,,,八段,,八段,,和,*,*,*,*,OGI_QUANTITY
八石,,,,名詞,普通名詞,副詞可能,*,*,*,,,八石,,八石,,和,*,*,*,*,OGI_QUANTITY
八部,,,,名詞,普通名詞,副詞可能,*,*,*,,,八部,,八部,,和,*,*,*,*,OGI_QUANTITY
八駄,,,,名詞,普通名詞,副詞可能,*,*,*,,,八駄,,八駄,,和,*,*,*,*,OGI_QUANTITY
六,,,,名詞,普通名詞,副詞可能,*,*,*,,,六,,六,,和,*,*,*,*,OGI_QUANTITY
六人,,,,名詞,普通名詞,副詞可能,*,*,*,,,六人,,六人,,和,*,*,*,*,OGI_QUANTITY
六俵,,,,名詞,普通名詞,副詞可能,*,*,*,,,六俵,,六俵,,和,*,*,*,*,OGI_QUANTITY
六分,,,,名詞,普通名詞,副詞可能,*,*,*,,,六分,,六分,,和,*,*,*,*,OGI_QUANTITY
六十,,,,名詞,普通名詞,副詞可能,*,*,*,,,六十,,六十,,和,*,*,*,*,OGI_QUANTITY
六十一石,,,,名詞,普通名詞,副詞可能,*,*,*,,,六十一石,,六十一石,,和,*,*,*,*,OGI_QUANTITY
六十七石,,,,名詞,普通名詞,副詞可能,*,*,*,,,六十七石,,六十七石,,和,*,*,*,*,OGI_QUANTITY
六十歳,,,,名詞,普通名詞,副詞可能,*,*,*,,,六十歳,,六十歳,,和,*,*,*,*,OGI_QUANTITY
六十石,,,,名詞,普通名詞,副詞可能,*,*,*,,,六十石,,六十石,,和,*,*,*,*,OGI_QUANTITY
六十貫目,,,,名詞,普通名詞,副詞可能,*,*,*,,,六十貫目,,六十貫目,,和,*,*,*,*,OGI_QUANTITY
六千両,,,,名詞,普通名詞,副詞可能,*,*,*,,,六千両,,六千両,,和,*,*,*,*,OGI_QUANTITY
六千金,,,,名詞,普通名詞,副詞可能,*,*,*,,,六千金,,六千金,,和,*,*,*,*,OGI_QUANTITY
六升,,,,名詞,普通名詞,副詞可能,*,*,*,,,六升,,六升,,和,*,*,*,*,OGI_QUANTITY
六右,,,,名詞,普通名詞,副詞可能,*,*,*,,,六右,,六右,,和,*,*,*,*,OGI_QUANTITY
六合,,,,名詞,普通名詞,副詞可能,*,*,*,,,六合,,六合,,和,*,*,*,*,OGI_QUANTITY
六斗,,,,名詞,普通名詞,副詞可能,*,*,*,,,六斗,,六斗,,和,*,*,*,*,OGI_QUANTITY
六方,,,,名詞,普通名詞,副詞可能,*,*,*,,,六方,,六方,,和,*,*,*,*,OGI_QUANTITY
六日,,,,名詞,普通名詞,副詞可能,*,*,*,,,六日,,六日,,和,*,*,*,*,OGI_QUANTITY
六時,,,,名詞,普通名詞,副詞可能,*,*,*,,,六時,,六時,,和,*,*,*,*,OGI_QUANTITY
六枚,,,,名詞,普通名詞,副詞可能,*,*,*,,,六枚,,六枚,,和,*,*,*,*,OGI_QUANTITY
六百,,,,名詞,普通名詞,副詞可能,*,*,*,,,六百,,六百,,和,*,*,*,*,OGI_QUANTITY
六百五十七匁,,,,名詞,普通名詞,副詞可能,*,*,*,,,六百五十七匁,,六百五十七匁,,和,*,*,*,*,OGI_QUANTITY
六百文,,,,名詞,普通名詞,副詞可能,*,*,*,,,六百文,,六百文,,和,*,*,*,*,OGI_QUANTITY
六石,,,,名詞,普通名詞,副詞可能,*,*,*,,,六石,,六石,,和,*,*,*,*,OGI_QUANTITY
六社,,,,名詞,普通名詞,副詞可能,*,*,*,,,六社,,六社,,和,*,*,*,*,OGI_QUANTITY
六過,,,,名詞,普通名詞,副詞可能,*,*,*,,,六過,,六過,,和,*,*,*,*,OGI_QUANTITY
六頭,,,,名詞,普通名詞,副詞可能,*,*,*,,,六頭,,六頭,,和,*,*,*,*,OGI_QUANTITY
初,,,,名詞,普通名詞,副詞可能,*,*,*,,,初,,初,,和,*,*,*,*,OGI_QUANTITY
初て,,,,名詞,普通名詞,副詞可能,*,*,*,,,初て,,初て,,和,*,*,*,*,OGI_QUANTITY
勺,,,,名詞,普通名詞,副詞可能,*,*,*,,,勺,,勺,,和,*,*,*,*,OGI_QUANTITY
匁,,,,名詞,普通名詞,副詞可能,*,*,*,,,匁,,匁,,和,*,*,*,*,OGI_QUANTITY
十,,,,名詞,普通名詞,副詞可能,*,*,*,,,十,,十,,和,*,*,*,*,OGI_QUANTITY
十一人,,,,名詞,普通名詞,副詞可能,*,*,*,,,十一人,,十一人,,和,*,*,*,*,OGI_QUANTITY
十一日,,,,名詞,普通名詞,副詞可能,*,*,*,,,十一日,,十一日,,和,*,*,*,*,OGI_QUANTITY
十七,,,,名詞,普通名詞,副詞可能,*,*,*,,,十七,,十七,,和,*,*,*,*,OGI_QUANTITY
十七人,,,,名詞,普通名詞,副詞可能,*,*,*,,,十七人,,十七人,,和,*,*,*,*,OGI_QUANTITY
十七回,,,,名詞,普通名詞,副詞可能,*,*,*,,,十七回,,十七回,,和,*,*,*,*,OGI_QUANTITY
十七回忌,,,,名詞,普通名詞,副詞可能,*,*,*,,,十七回忌,,十七回忌,,和,*,*,*,*,OGI_QUANTITY
十七年回,,,,名詞,普通名詞,副詞可能,*,*,*,,,十七年回,,十七年回,,和,*,*,*,*,OGI_QUANTITY
十七石,,,,名詞,普通名詞,副詞可能,*,*,*,,,十七石,,十七石,,和,*,*,*,*,OGI_QUANTITY
十三人,,,,名詞,普通名詞,副詞可能,*,*,*,,,十三人,,十三人,,和,*,*,*,*,OGI_QUANTITY
十三回,,,,名詞,普通名詞,副詞可能,*,*,*,,,十三回,,十三回,,和,*,*,*,*,OGI_QUANTITY
十三回忌,,,,名詞,普通名詞,副詞可能,*,*,*,,,十三回忌,,十三回忌,,和,*,*,*,*,OGI_QUANTITY
十三年,,,,名詞,普通名詞,副詞可能,*,*,*,,,十三年,,十三年,,和,*,*,*,*,OGI_QUANTITY
十三貫,,,,名詞,普通名詞,副詞可能,*,*,*,,,十三貫,,十三貫,,和,*,*,*,*,OGI_QUANTITY
十両,,,,名詞,普通名詞,副詞可能,*,*,*,,,十両,,十両,,和,*,*,*,*,OGI_QUANTITY
十九人,,,,名詞,普通名詞,副詞可能,*,*,*,,,十九人,,十九人,,和,*,*,*,*,OGI_QUANTITY
十九疋,,,,名詞,普通名詞,副詞可能,*,*,*,,,十九疋,,十九疋,,和,*,*,*,*,OGI_QUANTITY
十九石,,,,名詞,普通名詞,副詞可能,*,*,*,,,十九石,,十九石,,和,*,*,*,*,OGI_QUANTITY
十二,,,,名詞,普通名詞,副詞可能,*,*,*,,,十二,,十二,,和,*,*,*,*,OGI_QUANTITY
十二人,,,,名詞,普通名詞,副詞可能,*,*,*,,,十二人,,十二人,,和,*,*,*,*,OGI_QUANTITY
十五人,,,,名詞,普通名詞,副詞可能,*,*,*,,,十五人,,十五人,,和,*,*,*,*,OGI_QUANTITY
十五日,,,,名詞,普通名詞,副詞可能,*,*,*,,,十五日,,十五日,,和,*,*,*,*,OGI_QUANTITY
十五枚,,,,名詞,普通名詞,副詞可能,*,*,*,,,十五枚,,十五枚,,和,*,*,*,*,OGI_QUANTITY
十五石,,,,名詞,普通名詞,副詞可能,*,*,*,,,十五石,,十五石,,和,*,*,*,*,OGI_QUANTITY
十五荷,,,,名詞,普通名詞,副詞可能,*,*,*,,,十五荷,,十五荷,,和,*,*,*,*,OGI_QUANTITY
十五貫目,,,,名詞,普通名詞,副詞可能,*,*,*,,,十五貫目,,十五貫目,,和,*,*,*,*,OGI_QUANTITY
十人,,,,名詞,普通名詞,副詞可能,*,*,*,,,十人,,十人,,和,*,*,*,*,OGI_QUANTITY
十人扶持,,,,名詞,普通名詞,副詞可能,*,*,*,,,十人扶持,,十人扶持,,和,*,*,*,*,OGI_QUANTITY
十俵,,,,名詞,普通名詞,副詞可能,*,*,*,,,十俵,,十俵,,和,*,*,*,*,OGI_QUANTITY
十八人,,,,名詞,普通名詞,副詞可能,*,*,*,,,十八人,,十八人,,和,*,*,*,*,OGI_QUANTITY
十八日,,,,名詞,普通名詞,副詞可能,*,*,*,,,十八日,,十八日,,和,*,*,*,*,OGI_QUANTITY
十八歳,,,,名詞,普通名詞,副詞可能,*,*,*,,,十八歳,,十八歳,,和,*,*,*,*,OGI_QUANTITY
十八石,,,,名詞,普通名詞,副詞可能,*,*,*,,,十八石,,十八石,,和,*,*,*,*,OGI_QUANTITY
十六文,,,,名詞,普通名詞,副詞可能,*,*,*,,,十六文,,十六文,,和,*,*,*,*,OGI_QUANTITY
十六石,,,,名詞,普通名詞,副詞可能,*,*,*,,,十六石,,十六石,,和,*,*,*,*,OGI_QUANTITY
十匁,,,,名詞,普通名詞,副詞可能,*,*,*,,,十匁,,十匁,,和,*,*,*,*,OGI_QUANTITY
十四人,,,,名詞,普通名詞,副詞可能,*,*,*,,,十四人,,十四人,,和,*,*,*,*,OGI_QUANTITY
十四石,,,,名詞,普通名詞,副詞可能,*,*,*,,,十四石,,十四石,,和,*,*,*,*,OGI_QUANTITY
十四石七斗壱升五合,,,,名詞,普通名詞,副詞可能,*,*,*,,,十四石七斗壱升五合,,十四石七斗壱升五合,,和,*,*,*,*,OGI_QUANTITY
十巻,,,,名詞,普通名詞,副詞可能,*,*,*,,,十巻,,十巻,,和,*,*,*,*,OGI_QUANTITY
十日,,,,名詞,普通名詞,副詞可能,*,*,*,,,十日,,十日,,和,*,*,*,*,OGI_QUANTITY
十枚,,,,名詞,普通名詞,副詞可能,*,*,*,,,十枚,,十枚,,和,*,*,*,*,OGI_QUANTITY
十石,,,,名詞,普通名詞,副詞可能,*,*,*,,,十石,,十石,,和,*,*,*,*,OGI_QUANTITY
十貫目,,,,名詞,普通名詞,副詞可能,*,*,*,,,十貫目,,十貫目,,和,*,*,*,*,OGI_QUANTITY
十郡,,,,名詞,普通名詞,副詞可能,*,*,*,,,十郡,,十郡,,和,*,*,*,*,OGI_QUANTITY
十間,,,,名詞,普通名詞,副詞可能,*,*,*,,,十間,,十間,,和,*,*,*,*,OGI_QUANTITY
千,,,,名詞,普通名詞,副詞可能,*,*,*,,,千,,千,,和,*,*,*,*,OGI_QUANTITY
千両,,,,名詞,普通名詞,副詞可能,*,*,*,,,千両,,千両,,和,*,*,*,*,OGI_QUANTITY
千五百俵,,,,名詞,普通名詞,副詞可能,*,*,*,,,千五百俵,,千五百俵,,和,*,*,*,*,OGI_QUANTITY
千五百本,,,,名詞,普通名詞,副詞可能,*,*,*,,,千五百本,,千五百本,,和,*,*,*,*,OGI_QUANTITY
千疋,,,,名詞,普通名詞,副詞可能,*,*,*,,,千疋,,千疋,,和,*,*,*,*,OGI_QUANTITY
千部,,,,名詞,普通名詞,副詞可能,*,*,*,,,千部,,千部,,和,*,*,*,*,OGI_QUANTITY
卅,,,,名詞,普通名詞,副詞可能,*,*,*,,,卅,,卅,,和,*,*,*,*,OGI_QUANTITY
卅五本,,,,名詞,普通名詞,副詞可能,*,*,*,,,卅五本,,卅五本,,和,*,*,*,*,OGI_QUANTITY
卅枚,,,,名詞,普通名詞,副詞可能,*,*,*,,,卅枚,,卅枚,,和,*,*,*,*,OGI_QUANTITY
卅石,,,,名詞,普通名詞,副詞可能,*,*,*,,,卅石,,卅石,,和,*,*,*,*,OGI_QUANTITY
升,,,,名詞,普通名詞,副詞可能,*,*,*,,,升,,升,,和,*,*,*,*,OGI_QUANTITY
半分,,,,名詞,普通名詞,副詞可能,*,*,*,,,半分,,半分,,和,*,*,*,*,OGI_QUANTITY
参寺,,,,名詞,普通名詞,副詞可能,*,*,*,,,参寺,,参寺,,和,*,*,*,*,OGI_QUANTITY
参日,,,,名詞,普通名詞,副詞可能,*,*,*,,,参日,,参日,,和,*,*,*,*,OGI_QUANTITY
員数,,,,名詞,普通名詞,副詞可能,*,*,*,,,員数,,員数,,和,*,*,*,*,OGI_QUANTITY
四ヶ条,,,,名詞,普通名詞,副詞可能,*,*,*,,,四ヶ条,,四ヶ条,,和,*,*,*,*,OGI_QUANTITY
四人,,,,名詞,普通名詞,副詞可能,*,*,*,,,四人,,四人,,和,*,*,*,*,OGI_QUANTITY
四匁,,,,名詞,普通名詞,副詞可能,*,*,*,,,四匁,,四匁,,和,*,*,*,*,OGI_QUANTITY
四十一,,,,名詞,普通名詞,副詞可能,*,*,*,,,四十一,,四十一,,和,*,*,*,*,OGI_QUANTITY
四十七人,,,,名詞,普通名詞,副詞可能,*,*,*,,,四十七人,,四十七人,,和,*,*,*,*,OGI_QUANTITY
四十九日,,,,名詞,普通名詞,副詞可能,*,*,*,,,四十九日,,四十九日,,和,*,*,*,*,OGI_QUANTITY
四十五石,,,,名詞,普通名詞,副詞可能,*,*,*,,,四十五石,,四十五石,,和,*,*,*,*,OGI_QUANTITY
四十人,,,,名詞,普通名詞,副詞可能,*,*,*,,,四十人,,四十人,,和,*,*,*,*,OGI_QUANTITY
四十歳,,,,名詞,普通名詞,副詞可能,*,*,*,,,四十歳,,四十歳,,和,*,*,*,*,OGI_QUANTITY
四十石,,,,名詞,普通名詞,副詞可能,*,*,*,,,四十石,,四十石,,和,*,*,*,*,OGI_QUANTITY
四升,,,,名詞,普通名詞,副詞可能,*,*,*,,,四升,,四升,,和,*,*,*,*,OGI_QUANTITY
四度,,,,名詞,普通名詞,副詞可能,*,*,*,,,四度,,四度,,和,*,*,*,*,OGI_QUANTITY
四斗,,,,名詞,普通名詞,副詞可能,*,*,*,,,四斗,,四斗,,和,*,*,*,*,OGI_QUANTITY
四時,,,,名詞,普通名詞,副詞可能,*,*,*,,,四時,,四時,,和,*,*,*,*,OGI_QUANTITY
四百石,,,,名詞,普通名詞,副詞可能,*,*,*,,,四百石,,四百石,,和,*,*,*,*,OGI_QUANTITY
四石,,,,名詞,普通名詞,副詞可能,*,*,*,,,四石,,四石,,和,*,*,*,*,OGI_QUANTITY
四艘,,,,名詞,普通名詞,副詞可能,*,*,*,,,四艘,,四艘,,和,*,*,*,*,OGI_QUANTITY
四駄,,,,名詞,普通名詞,副詞可能,*,*,*,,,四駄,,四駄,,和,*,*,*,*,OGI_QUANTITY
壱丁,,,,名詞,普通名詞,副詞可能,*,*,*,,,壱丁,,壱丁,,和,*,*,*,*,OGI_QUANTITY
壱両,,,,名詞,普通名詞,副詞可能,*,*,*,,,壱両,,壱両,,和,*,*,*,*,OGI_QUANTITY
壱人,,,,名詞,普通名詞,副詞可能,*,*,*,,,壱人,,壱人,,和,*,*,*,*,OGI_QUANTITY
壱人ツ々,,,,名詞,普通名詞,副詞可能,*,*,*,,,壱人ツ々,,壱人ツ々,,和,*,*,*,*,OGI_QUANTITY
壱匁,,,,名詞,普通名詞,副詞可能,*,*,*,,,壱匁,,壱匁,,和,*,*,*,*,OGI_QUANTITY
壱升,,,,名詞,普通名詞,副詞可能,*,*,*,,,壱升,,壱升,,和,*,*,*,*,OGI_QUANTITY
壱反,,,,名詞,普通名詞,副詞可能,*,*,*,,,壱反,,壱反,,和,*,*,*,*,OGI_QUANTITY
壱挺,,,,名詞,普通名詞,副詞可能,*,*,*,,,壱挺,,壱挺,,和,*,*,*,*,OGI_QUANTITY
壱斗,,,,名詞,普通名詞,副詞可能,*,*,*,,,壱斗,,壱斗,,和,*,*,*,*,OGI_QUANTITY
壱束,,,,名詞,普通名詞,副詞可能,*,*,*,,,壱束,,壱束,,和,*,*,*,*,OGI_QUANTITY
壱枚,,,,名詞,普通名詞,副詞可能,*,*,*,,,壱枚,,壱枚,,和,*,*,*,*,OGI_QUANTITY
壱枚半,,,,名詞,普通名詞,副詞可能,*,*,*,,,壱枚半,,壱枚半,,和,*,*,*,*,OGI_QUANTITY
壱番,,,,名詞,普通名詞,副詞可能,*,*,*,,,壱番,,壱番,,和,*,*,*,*,OGI_QUANTITY
壱番手,,,,名詞,普通名詞,副詞可能,*,*,*,,,壱番手,,壱番手,,和,*,*,*,*,OGI_QUANTITY
壱疋,,,,名詞,普通名詞,副詞可能,*,*,*,,,壱疋,,壱疋,,和,*,*,*,*,OGI_QUANTITY
壱石,,,,名詞,普通名詞,副詞可能,*,*,*,,,壱石,,壱石,,和,*,*,*,*,OGI_QUANTITY
壱石五斗,,,,名詞,普通名詞,副詞可能,*,*,*,,,壱石五斗,,壱石五斗,,和,*,*,*,*,OGI_QUANTITY
壱石弐斗,,,,名詞,普通名詞,副詞可能,*,*,*,,,壱石弐斗,,壱石弐斗,,和,*,*,*,*,OGI_QUANTITY
壱艘,,,,名詞,普通名詞,副詞可能,*,*,*,,,壱艘,,壱艘,,和,*,*,*,*,OGI_QUANTITY
壱貫,,,,名詞,普通名詞,副詞可能,*,*,*,,,壱貫,,壱貫,,和,*,*,*,*,OGI_QUANTITY
壱貫六百五十七匁,,,,名詞,普通名詞,副詞可能,*,*,*,,,壱貫六百五十七匁,,壱貫六百五十七匁,,和,*,*,*,*,OGI_QUANTITY
壱貫目,,,,名詞,普通名詞,副詞可能,*,*,*,,,壱貫目,,壱貫目,,和,*,*,*,*,OGI_QUANTITY
壱部,,,,名詞,普通名詞,副詞可能,*,*,*,,,壱部,,壱部,,和,*,*,*,*,OGI_QUANTITY
壱部半,,,,名詞,普通名詞,副詞可能,*,*,*,,,壱部半,,壱部半,,和,*,*,*,*,OGI_QUANTITY
壱駄,,,,名詞,普通名詞,副詞可能,*,*,*,,,壱駄,,壱駄,,和,*,*,*,*,OGI_QUANTITY
廿七日,,,,名詞,普通名詞,副詞可能,*,*,*,,,廿七日,,廿七日,,和,*,*,*,*,OGI_QUANTITY
廿九人,,,,名詞,普通名詞,副詞可能,*,*,*,,,廿九人,,廿九人,,和,*,*,*,*,OGI_QUANTITY
廿九枚,,,,名詞,普通名詞,副詞可能,*,*,*,,,廿九枚,,廿九枚,,和,*,*,*,*,OGI_QUANTITY
廿五人,,,,名詞,普通名詞,副詞可能,*,*,*,,,廿五人,,廿五人,,和,*,*,*,*,OGI_QUANTITY
廿五年,,,,名詞,普通名詞,副詞可能,*,*,*,,,廿五年,,廿五年,,和,*,*,*,*,OGI_QUANTITY
廿五歳,,,,名詞,普通名詞,副詞可能,*,*,*,,,廿五歳,,廿五歳,,和,*,*,*,*,OGI_QUANTITY
廿五石,,,,名詞,普通名詞,副詞可能,*,*,*,,,廿五石,,廿五石,,和,*,*,*,*,OGI_QUANTITY
廿八人,,,,名詞,普通名詞,副詞可能,*,*,*,,,廿八人,,廿八人,,和,*,*,*,*,OGI_QUANTITY
廿四日,,,,名詞,普通名詞,副詞可能,*,*,*,,,廿四日,,廿四日,,和,*,*,*,*,OGI_QUANTITY
廿日,,,,名詞,普通名詞,副詞可能,*,*,*,,,廿日,,廿日,,和,*,*,*,*,OGI_QUANTITY
廿枚,,,,名詞,普通名詞,副詞可能,*,*,*,,,廿枚,,廿枚,,和,*,*,*,*,OGI_QUANTITY
弐人,,,,名詞,普通名詞,副詞可能,*,*,*,,,弐人,,弐人,,和,*,*,*,*,OGI_QUANTITY
弐人飯米,,,,名詞,普通名詞,副詞可能,*,*,*,,,弐人飯米,,弐人飯米,,和,*,*,*,*,OGI_QUANTITY
弐俵,,,,名詞,普通名詞,副詞可能,*,*,*,,,弐俵,,弐俵,,和,*,*,*,*,OGI_QUANTITY
弐具,,,,名詞,普通名詞,副詞可能,*,*,*,,,弐具,,弐具,,和,*,*,*,*,OGI_QUANTITY
弐冊,,,,名詞,普通名詞,副詞可能,*,*,*,,,弐冊,,弐冊,,和,*,*,*,*,OGI_QUANTITY
弐十三石,,,,名詞,普通名詞,副詞可能,*,*,*,,,弐十三石,,弐十三石,,和,*,*,*,*,OGI_QUANTITY
弐十五年,,,,名詞,普通名詞,副詞可能,*,*,*,,,弐十五年,,弐十五年,,和,*,*,*,*,OGI_QUANTITY
弐十人,,,,名詞,普通名詞,副詞可能,*,*,*,,,弐十人,,弐十人,,和,*,*,*,*,OGI_QUANTITY
弐十弐文,,,,名詞,普通名詞,副詞可能,*,*,*,,,弐十弐文,,弐十弐文,,和,*,*,*,*,OGI_QUANTITY
弐合,,,,名詞,普通名詞,副詞可能,*,*,*,,,弐合,,弐合,,和,*,*,*,*,OGI_QUANTITY
弐拾一ヶ年,,,,名詞,普通名詞,副詞可能,*,*,*,,,弐拾一ヶ年,,弐拾一ヶ年,,和,*,*,*,*,OGI_QUANTITY
弐拾六人,,,,名詞,普通名詞,副詞可能,*,*,*,,,弐拾六人,,弐拾六人,,和,*,*,*,*,OGI_QUANTITY
弐拾匁,,,,名詞,普通名詞,副詞可能,*,*,*,,,弐拾匁,,弐拾匁,,和,*,*,*,*,OGI_QUANTITY
弐拾石,,,,名詞,普通名詞,副詞可能,*,*,*,,,弐拾石,,弐拾石,,和,*,*,*,*,OGI_QUANTITY
弐斗,,,,名詞,普通名詞,副詞可能,*,*,*,,,弐斗,,弐斗,,和,*,*,*,*,OGI_QUANTITY
弐本,,,,名詞,普通名詞,副詞可能,*,*,*,,,弐本,,弐本,,和,*,*,*,*,OGI_QUANTITY
弐枚,,,,名詞,普通名詞,副詞可能,*,*,*,,,弐枚,,弐枚,,和,*,*,*,*,OGI_QUANTITY
弐枚通,,,,名詞,普通名詞,副詞可能,*,*,*,,,弐枚通,,弐枚通,,和,*,*,*,*,OGI_QUANTITY
弐番,,,,名詞,普通名詞,副詞可能,*,*,*,,,弐番,,弐番,,和,*,*,*,*,OGI_QUANTITY
弐番手,,,,名詞,普通名詞,副詞可能,*,*,*,,,弐番手,,弐番手,,和,*,*,*,*,OGI_QUANTITY
弐百十匁,,,,名詞,普通名詞,副詞可能,*,*,*,,,弐百十匁,,弐百十匁,,和,*,*,*,*,OGI_QUANTITY
弐百文,,,,名詞,普通名詞,副詞可能,*,*,*,,,弐百文,,弐百文,,和,*,*,*,*,OGI_QUANTITY
弐百疋,,,,名詞,普通名詞,副詞可能,*,*,*,,,弐百疋,,弐百疋,,和,*,*,*,*,OGI_QUANTITY
弐百石,,,,名詞,普通名詞,副詞可能,*,*,*,,,弐百石,,弐百石,,和,*,*,*,*,OGI_QUANTITY
弐石,,,,名詞,普通名詞,副詞可能,*,*,*,,,弐石,,弐石,,和,*,*,*,*,OGI_QUANTITY
弐石五斗五升弐合五勺,,,,名詞,普通名詞,副詞可能,*,*,*,,,弐石五斗五升弐合五勺,,弐石五斗五升弐合五勺,,和,*,*,*,*,OGI_QUANTITY
弐艘,,,,名詞,普通名詞,副詞可能,*,*,*,,,弐艘,,弐艘,,和,*,*,*,*,OGI_QUANTITY
弐部,,,,名詞,普通名詞,副詞可能,*,*,*,,,弐部,,弐部,,和,*,*,*,*,OGI_QUANTITY
弐間,,,,名詞,普通名詞,副詞可能,*,*,*,,,弐間,,弐間,,和,*,*,*,*,OGI_QUANTITY
当月,,,,名詞,普通名詞,副詞可能,*,*,*,,,当月,,当月,,和,*,*,*,*,OGI_QUANTITY
御三回,,,,名詞,普通名詞,副詞可能,*,*,*,,,御三回,,御三回,,和,*,*,*,*,OGI_QUANTITY
御百,,,,名詞,普通名詞,副詞可能,*,*,*,,,御百,,御百,,和,*,*,*,*,OGI_QUANTITY
拾五人,,,,名詞,普通名詞,副詞可能,*,*,*,,,拾五人,,拾五人,,和,*,*,*,*,OGI_QUANTITY
拾五才,,,,名詞,普通名詞,副詞可能,*,*,*,,,拾五才,,拾五才,,和,*,*,*,*,OGI_QUANTITY
拾人,,,,名詞,普通名詞,副詞可能,*,*,*,,,拾人,,拾人,,和,*,*,*,*,OGI_QUANTITY
拾六歳,,,,名詞,普通名詞,副詞可能,*,*,*,,,拾六歳,,拾六歳,,和,*,*,*,*,OGI_QUANTITY
拾石,,,,名詞,普通名詞,副詞可能,*,*,*,,,拾石,,拾石,,和,*,*,*,*,OGI_QUANTITY
数ヶ年,,,,名詞,普通名詞,副詞可能,*,*,*,,,数ヶ年,,数ヶ年,,和,*,*,*,*,OGI_QUANTITY
数人,,,,名詞,普通名詞,副詞可能,*,*,*,,,数人,,数人,,和,*,*,*,*,OGI_QUANTITY
数口,,,,名詞,普通名詞,副詞可能,*,*,*,,,数口,,数口,,和,*,*,*,*,OGI_QUANTITY
数年,,,,名詞,普通名詞,副詞可能,*,*,*,,,数年,,数年,,和,*,*,*,*,OGI_QUANTITY
数廉,,,,名詞,普通名詞,副詞可能,*,*,*,,,数廉,,数廉,,和,*,*,*,*,OGI_QUANTITY
日数,,,,名詞,普通名詞,副詞可能,*,*,*,,,日数,,日数,,和,*,*,*,*,OGI_QUANTITY
百々日,,,,名詞,普通名詞,副詞可能,*,*,*,,,百々日,,百々日,,和,*,*,*,*,OGI_QUANTITY
百ヶ日,,,,名詞,普通名詞,副詞可能,*,*,*,,,百ヶ日,,百ヶ日,,和,*,*,*,*,OGI_QUANTITY
百両,,,,名詞,普通名詞,副詞可能,*,*,*,,,百両,,百両,,和,*,*,*,*,OGI_QUANTITY
百五十年,,,,名詞,普通名詞,副詞可能,*,*,*,,,百五十年,,百五十年,,和,*,*,*,*,OGI_QUANTITY
百五十石,,,,名詞,普通名詞,副詞可能,*,*,*,,,百五十石,,百五十石,,和,*,*,*,*,OGI_QUANTITY
百五拾回忌,,,,名詞,普通名詞,副詞可能,*,*,*,,,百五拾回忌,,百五拾回忌,,和,*,*,*,*,OGI_QUANTITY
百人,,,,名詞,普通名詞,副詞可能,*,*,*,,,百人,,百人,,和,*,*,*,*,OGI_QUANTITY
百八十,,,,名詞,普通名詞,副詞可能,*,*,*,,,百八十,,百八十,,和,*,*,*,*,OGI_QUANTITY
百八十貫,,,,名詞,普通名詞,副詞可能,*,*,*,,,百八十貫,,百八十貫,,和,*,*,*,*,OGI_QUANTITY
百八十貫目,,,,名詞,普通名詞,副詞可能,*,*,*,,,百八十貫目,,百八十貫目,,和,*,*,*,*,OGI_QUANTITY
百十四匁,,,,名詞,普通名詞,副詞可能,*,*,*,,,百十四匁,,百十四匁,,和,*,*,*,*,OGI_QUANTITY
百四拾本,,,,名詞,普通名詞,副詞可能,*,*,*,,,百四拾本,,百四拾本,,和,*,*,*,*,OGI_QUANTITY
百壱人,,,,名詞,普通名詞,副詞可能,*,*,*,,,百壱人,,百壱人,,和,*,*,*,*,OGI_QUANTITY
百年,,,,名詞,普通名詞,副詞可能,*,*,*,,,百年,,百年,,和,*,*,*,*,OGI_QUANTITY
百年忌,,,,名詞,普通名詞,副詞可能,*,*,*,,,百年忌,,百年忌,,和,*,*,*,*,OGI_QUANTITY
百廿日,,,,名詞,普通名詞,副詞可能,*,*,*,,,百廿日,,百廿日,,和,*,*,*,*,OGI_QUANTITY
百弐匁壱分,,,,名詞,普通名詞,副詞可能,*,*,*,,,百弐匁壱分,,百弐匁壱分,,和,*,*,*,*,OGI_QUANTITY
百日,,,,名詞,普通名詞,副詞可能,*,*,*,,,百日,,百日,,和,*,*,*,*,OGI_QUANTITY
百枚,,,,名詞,普通名詞,副詞可能,*,*,*,,,百枚,,百枚,,和,*,*,*,*,OGI_QUANTITY
百次,,,,名詞,普通名詞,副詞可能,*,*,*,,,百次,,百次,,和,*,*,*,*,OGI_QUANTITY
百疋,,,,名詞,普通名詞,副詞可能,*,*,*,,,百疋,,百疋,,和,*,*,*,*,OGI_QUANTITY
百石,,,,名詞,普通名詞,副詞可能,*,*,*,,,百石,,百石,,和,*,*,*,*,OGI_QUANTITY
金二百疋,,,,名詞,普通名詞,副詞可能,*,*,*,,,金二百疋,,金二百疋,,和,*,*,*,*,OGI_QUANTITY
金百両,,,,名詞,普通名詞,副詞可能,*,*,*,,,金百両,,金百両,,和,*,*,*,*,OGI_QUANTITY
銭二百文宛,,,,名詞,普通名詞,副詞可能,*,*,*,,,銭二百文宛,,銭二百文宛,,和,*,*,*,*,OGI_QUANTITY
